window,character_id,class,confidence,x1,y1,x2,y2
window_001.png,0,person,0.8379963040351868,170.52529907226562,862.911376953125,321.71234130859375,1154.7099609375
window_002.png,0,person,0.9305771589279175,0.0,1041.903076171875,688.2507934570312,2321.263671875
window_003.png,0,person,0.8902233242988586,83.48468017578125,624.140869140625,309.54339599609375,885.728759765625
window_003.png,1,person,0.6854274272918701,290.0787658691406,425.287841796875,686.721435546875,962.4640502929688
window_005.png,0,person,0.9387924671173096,0.39153099060058594,703.1312866210938,677.9652099609375,1843.7484130859375
window_006.png,0,person,0.7447171807289124,111.60607147216797,1531.517333984375,690.0,2919.802978515625
window_008.png,0,person,0.8202656507492065,244.91725158691406,2528.038818359375,431.05767822265625,2745.7802734375
window_009.png,0,person,0.8598148226737976,240.26028442382812,28.318761825561523,430.6501770019531,248.3210906982422
window_009.png,1,person,0.6023592352867126,53.11601638793945,976.1212158203125,514.4362182617188,1851.837646484375
window_010.png,0,person,0.6770371794700623,118.20718383789062,477.961669921875,646.4754638671875,1394.4356689453125
window_011.png,0,person,0.9150200486183167,2.500882625579834,841.5870361328125,286.10107421875,1223.928955078125
window_011.png,1,person,0.8697924613952637,430.55047607421875,886.2575073242188,656.126220703125,1223.801513671875
window_011.png,2,person,0.6279497742652893,8.454608917236328,2031.4423828125,621.9437866210938,2709.283935546875
window_013.png,0,person,0.5859116911888123,286.99786376953125,2803.3046875,592.1254272460938,2999.201171875
window_014.png,0,person,0.9446265697479248,2.119159698486328,304.3646240234375,610.8954467773438,1213.102294921875
window_015.png,0,person,0.8236657381057739,269.139404296875,609.3397827148438,474.22686767578125,1182.538818359375
window_015.png,1,person,0.6421774625778198,0.0,1011.3790283203125,690.0,2590.86572265625
window_017.png,0,person,0.9013045430183411,87.74760437011719,2687.302734375,381.5549011230469,2999.060302734375
window_017.png,1,person,0.7857637405395508,146.3722381591797,486.830078125,670.0037841796875,1158.175048828125
window_018.png,0,person,0.9499846696853638,0.311279296875,2355.8896484375,689.8303833007812,2998.9931640625
window_018.png,1,person,0.7795218825340271,89.08441162109375,186.68673706054688,381.6956787109375,615.9176025390625
window_019.png,0,person,0.9513766169548035,0.0,0.5892276763916016,688.4085693359375,1045.1856689453125
window_021.png,0,person,0.3894006907939911,0.8794784545898438,782.0784912109375,687.9185180664062,1464.728271484375
window_022.png,0,person,0.8988109230995178,1.3679265975952148,719.5572509765625,311.40081787109375,1143.3536376953125
window_022.png,1,person,0.8423185348510742,279.6218566894531,2040.71728515625,686.5795288085938,2982.5517578125
window_022.png,2,person,0.7435181140899658,3.254377841949463,2174.470458984375,425.6701354980469,2999.609375
window_023.png,0,person,0.5708784461021423,2.005523443222046,0.0,556.1422729492188,573.7075805664062
window_024.png,0,person,0.8942374587059021,18.48435401916504,967.5403442382812,678.0707397460938,2061.301513671875
window_025.png,0,person,0.8984127044677734,127.00788879394531,2376.841796875,682.6243286132812,2998.74853515625
window_025.png,1,person,0.5552671551704407,66.94868469238281,341.9237060546875,467.8611145019531,1298.6346435546875
window_026.png,0,person,0.8822240233421326,481.5606384277344,2212.920166015625,687.69580078125,2738.709228515625
window_026.png,1,person,0.8194504976272583,128.92291259765625,0.0,689.414306640625,917.7562255859375
window_026.png,2,person,0.6766985058784485,347.2514343261719,2282.230712890625,547.4473876953125,2635.70654296875
window_027.png,0,person,0.3952890634536743,537.9417114257812,0.14913082122802734,687.8362426757812,234.81491088867188
window_028.png,0,person,0.7290166020393372,0.0,1427.4180908203125,668.467041015625,2381.838134765625
window_030.png,0,person,0.9244116544723511,151.19253540039062,2238.072998046875,390.35601806640625,2784.686767578125
window_030.png,1,person,0.7688629031181335,350.8498229980469,2322.942626953125,549.3424072265625,2755.38330078125
window_030.png,2,person,0.36539238691329956,244.26927185058594,911.7909545898438,305.8978576660156,1033.4171142578125
window_031.png,0,person,0.5346035957336426,141.15792846679688,0.6051242351531982,371.1450500488281,286.05548095703125
window_031.png,1,person,0.4120422303676605,0.0,842.1709594726562,689.2590942382812,2311.10302734375
window_032.png,0,person,0.5385065674781799,37.847328186035156,983.5072021484375,449.4879455566406,1926.179931640625
window_032.png,1,person,0.2549824118614197,289.1153869628906,1158.4639892578125,579.775146484375,1839.0360107421875
window_033.png,0,person,0.7180408835411072,171.04869079589844,1698.4044189453125,689.3206176757812,2996.785400390625
window_034.png,0,person,0.779489278793335,310.7882080078125,2898.36328125,393.7481384277344,2999.432861328125
window_034.png,1,person,0.375412255525589,114.21927642822266,1.1220932006835938,690.0,726.308837890625
window_035.png,0,person,0.873340904712677,305.3043212890625,395.1226501464844,411.84503173828125,765.0139770507812
window_036.png,0,person,0.9273215532302856,19.722890853881836,1251.8978271484375,686.4559326171875,1916.680419921875
window_036.png,1,person,0.2566576600074768,232.8546142578125,317.2994384765625,333.056640625,484.7564697265625
window_037.png,0,person,0.905716061592102,44.54612731933594,371.76788330078125,688.2919921875,945.1197509765625
window_038.png,0,person,0.7598260045051575,0.0,1243.449462890625,687.5443115234375,2988.287353515625
window_038.png,1,person,0.6274624466896057,121.50971221923828,1288.322021484375,688.0652465820312,2750.9130859375
window_039.png,0,person,0.4261425733566284,360.9831237792969,2050.23681640625,440.5866394042969,2140.166748046875
window_039.png,1,person,0.25944143533706665,24.273061752319336,1.3192176818847656,688.9998168945312,1339.940185546875
window_040.png,0,person,0.2811887264251709,0.0,866.6556396484375,687.9223022460938,2457.0078125
window_042.png,0,person,0.3643941879272461,1.4422416687011719,1981.7999267578125,689.3018188476562,2730.902587890625
window_043.png,0,person,0.818334698677063,0.08992552757263184,2270.145751953125,578.2697143554688,2999.166259765625
window_043.png,1,person,0.6636234521865845,259.44927978515625,876.9251098632812,684.6295166015625,1336.73095703125
window_043.png,2,person,0.5269102454185486,42.107784271240234,1025.6282958984375,256.3970642089844,1339.0897216796875
window_043.png,3,person,0.385471910238266,1.1723376512527466,925.4268798828125,68.15689849853516,1056.86767578125
window_043.png,4,person,0.3536244332790375,122.68766784667969,1045.14501953125,379.9382019042969,1344.3092041015625
window_044.png,0,person,0.7220078706741333,192.8079071044922,2837.683837890625,246.02285766601562,2997.609375
window_044.png,1,person,0.622212290763855,1.616835594177246,2444.586181640625,209.26165771484375,2999.41162109375
window_044.png,2,person,0.5279600024223328,401.0433349609375,2822.545166015625,444.11676025390625,2943.11279296875
window_044.png,3,person,0.5156658291816711,388.9959716796875,2821.513916015625,439.96038818359375,2942.25830078125
window_044.png,4,person,0.4896339178085327,446.3424072265625,2830.406494140625,476.33172607421875,2981.57666015625
window_044.png,5,person,0.48194757103919983,167.84939575195312,2835.6943359375,201.11476135253906,2937.6806640625
window_044.png,6,person,0.39840710163116455,0.4775047302246094,2.7133941650390625,575.9237670898438,870.2613525390625
window_044.png,7,person,0.2555905878543854,446.62408447265625,2829.42333984375,474.47271728515625,2938.58740234375
window_045.png,0,person,0.7054228782653809,191.21360778808594,340.9921569824219,246.7381591796875,503.0389099121094
window_045.png,1,person,0.5339918732643127,389.9891052246094,321.4800109863281,434.5745544433594,439.0498962402344
window_045.png,2,person,0.4752029776573181,167.43821716308594,335.2812194824219,203.73179626464844,438.4186096191406
window_045.png,3,person,0.46241500973701477,2.327531576156616,2.382946014404297,215.75018310546875,807.4358520507812
window_045.png,4,person,0.3737603724002838,390.03558349609375,324.4356384277344,420.60491943359375,441.9286804199219
window_045.png,5,person,0.35466694831848145,443.6807861328125,331.8174133300781,476.067626953125,474.65557861328125
window_045.png,6,person,0.2624133229255676,403.4608459472656,321.7359619140625,444.7178039550781,443.5794982910156
window_047.png,0,person,0.2806221544742584,7.662248611450195,1996.976806640625,679.683349609375,2321.5439453125
window_048.png,0,person,0.8507160544395447,226.95750427246094,2608.333251953125,674.3246459960938,2999.379150390625
window_048.png,1,person,0.6317160129547119,3.392672538757324,756.3413696289062,683.9933471679688,2086.908203125
window_048.png,2,person,0.2542698085308075,0.8475691080093384,1256.0028076171875,300.52642822265625,2100.940185546875
window_049.png,0,person,0.8568711280822754,108.22718811035156,102.19144439697266,685.745849609375,1339.3092041015625
window_049.png,1,person,0.316853791475296,20.284034729003906,2126.4833984375,281.4671936035156,2497.107421875
window_050.png,0,person,0.5785192847251892,72.91767120361328,849.0298461914062,570.6307983398438,1479.337646484375
window_050.png,1,person,0.2641468942165375,0.2307415008544922,849.3394165039062,684.0260620117188,2235.4072265625
window_051.png,0,person,0.7137264013290405,197.41444396972656,699.7544555664062,459.2271423339844,1113.9359130859375
window_051.png,1,person,0.3285062909126282,137.674560546875,2180.917724609375,417.771484375,2533.377685546875
window_053.png,0,person,0.7255106568336487,10.42177677154541,2126.7470703125,674.4727783203125,2998.143798828125
window_053.png,1,person,0.6662685871124268,186.48046875,667.8285522460938,347.09844970703125,1012.34033203125
window_053.png,2,person,0.4401482343673706,339.833740234375,674.0690307617188,476.7681579589844,846.7841186523438
window_054.png,0,person,0.4090726375579834,215.51138305664062,1930.82568359375,523.5034790039062,2374.196044921875
window_054.png,1,person,0.353919118642807,0.0,1.2401819229125977,686.0047607421875,869.2410278320312
window_055.png,0,person,0.6209535598754883,285.3547668457031,2857.19482421875,481.74481201171875,2999.505615234375
window_056.png,0,person,0.9145987033843994,126.59031677246094,2397.35986328125,684.6041259765625,2998.907470703125
window_057.png,0,person,0.38184690475463867,0.23775100708007812,1.9895553588867188,690.0,1483.6343994140625
window_059.png,0,person,0.44236060976982117,33.83817672729492,123.9448013305664,686.9884033203125,1598.2391357421875
window_060.png,0,person,0.2587319612503052,71.77902221679688,23.207902908325195,363.2994079589844,418.635009765625
window_061.png,0,person,0.6462984681129456,383.074462890625,857.8741455078125,427.7444763183594,1025.6651611328125
window_061.png,1,person,0.6065349578857422,496.8066711425781,851.5917358398438,546.6844482421875,1040.27294921875
window_061.png,2,person,0.5574250817298889,547.1885986328125,861.0639038085938,598.5631713867188,1088.673095703125
window_061.png,3,person,0.5534322261810303,592.34326171875,858.1535034179688,651.2974853515625,1056.002685546875
window_061.png,4,person,0.5331742763519287,470.6250305175781,856.1243896484375,511.3276672363281,1031.6861572265625
window_061.png,5,person,0.33968695998191833,596.8515014648438,858.23779296875,662.0595092773438,1090.1798095703125
window_061.png,6,person,0.2956750988960266,409.8586730957031,849.1591796875,480.41827392578125,1043.428955078125
window_062.png,0,person,0.8885959386825562,141.1281280517578,886.4453125,541.1405639648438,1697.2752685546875
window_063.png,0,person,0.7683102488517761,1.771402359008789,675.944580078125,688.9140014648438,2262.546142578125
window_064.png,0,person,0.8727397918701172,215.7593231201172,605.5869750976562,684.0528564453125,1112.19580078125
window_065.png,0,person,0.591478168964386,42.56300735473633,1842.4669189453125,688.6503295898438,2942.078857421875
window_067.png,0,person,0.7677276134490967,75.41427612304688,2125.52880859375,687.0171508789062,2643.75341796875
window_068.png,0,person,0.761645495891571,64.92304992675781,1533.303955078125,351.8527526855469,2546.79736328125
window_068.png,1,person,0.7100733518600464,263.6260681152344,1654.0296630859375,685.5289916992188,2542.60693359375
window_068.png,2,person,0.5803968906402588,28.656864166259766,0.4685908555984497,428.302490234375,143.83534240722656
window_068.png,3,person,0.32092925906181335,194.82920837402344,0.7085815072059631,430.2082824707031,150.01596069335938
window_069.png,0,person,0.9097926020622253,161.42112731933594,2535.744140625,636.8709716796875,2999.050048828125
window_069.png,1,person,0.8424046039581299,156.30039978027344,719.48876953125,338.27520751953125,1089.79638671875
window_069.png,2,person,0.28755971789360046,410.808837890625,761.7901611328125,542.1223754882812,1063.858154296875
window_070.png,0,person,0.946723222732544,127.51628875732422,38.944244384765625,678.7386474609375,712.9345703125
window_070.png,1,person,0.7020460963249207,377.1979675292969,1610.4786376953125,467.6273193359375,1911.11181640625
window_071.png,0,person,0.9319643974304199,93.86066436767578,615.2549438476562,594.6176147460938,1285.764892578125
window_071.png,1,person,0.8734914064407349,34.37025451660156,2351.890380859375,236.49826049804688,2999.24365234375
window_071.png,2,person,0.6590855717658997,218.59739685058594,2181.854248046875,523.8583374023438,3000.0
window_073.png,0,person,0.9279855489730835,56.27903747558594,2049.779052734375,687.5123901367188,2996.625244140625
window_073.png,1,person,0.7286707162857056,575.9732666015625,1041.38232421875,661.7198486328125,1432.2901611328125
window_074.png,0,person,0.726780354976654,55.39347839355469,0.7470130920410156,690.0,1157.8394775390625
window_075.png,0,person,0.7165048718452454,370.2128601074219,506.33782958984375,619.4800415039062,1526.7508544921875
window_075.png,1,person,0.42729541659355164,51.93500518798828,982.8289794921875,554.7697143554688,2482.8671875
window_076.png,0,person,0.8567614555358887,426.7586975097656,1724.9041748046875,555.7566528320312,1972.5731201171875
window_076.png,1,person,0.8222680687904358,314.4716796875,1757.2523193359375,432.4022521972656,1970.9534912109375
window_076.png,2,person,0.8053112030029297,144.0393829345703,1663.627685546875,297.8370361328125,1931.875244140625
window_076.png,3,person,0.7756286263465881,507.04248046875,2838.956298828125,650.6483764648438,2999.4716796875
window_076.png,4,person,0.7627803683280945,164.8125457763672,2804.27783203125,324.8574523925781,2999.44091796875
window_077.png,0,person,0.9428245425224304,41.07985305786133,305.5246887207031,466.4585876464844,704.3287353515625
window_077.png,1,person,0.9069938063621521,424.7771301269531,338.47711181640625,688.8323364257812,704.394287109375
window_077.png,2,person,0.8697935938835144,15.323200225830078,1808.4462890625,258.774658203125,2193.675048828125
window_077.png,3,person,0.39075976610183716,304.83770751953125,1865.8372802734375,638.2771606445312,2195.429443359375
window_078.png,0,person,0.904365062713623,354.1180419921875,2642.43505859375,688.9024658203125,2999.62451171875
window_078.png,1,person,0.8623265027999878,16.367340087890625,2675.888916015625,456.9790344238281,2999.3447265625
window_079.png,0,person,0.9065874814987183,49.625694274902344,1430.471435546875,335.2839050292969,1953.00341796875
window_079.png,1,person,0.8896651268005371,396.4457092285156,1588.3697509765625,636.6591796875,1949.440673828125
window_079.png,2,person,0.817335307598114,348.8503723144531,140.77548217773438,688.1292114257812,737.869384765625
window_079.png,3,person,0.7883324027061462,0.6593942642211914,174.56129455566406,472.84234619140625,732.4341430664062
window_080.png,0,person,0.41838398575782776,0.0,553.316162109375,676.5187377929688,2104.297119140625
